Name,Temp,Time
HVAC return air,18.25,2023/01/17-09:20:36
HVAC return air,18.25,2023/01/17-09:20:41
HVAC return air,18.25,2023/01/17-09:20:46
HVAC return air,18.25,2023/01/17-09:20:51
HVAC return air,18.25,2023/01/17-09:20:56
HVAC return air,18.25,2023/01/17-09:21:01
HVAC return air,18.25,2023/01/17-09:21:06
HVAC return air,18.25,2023/01/17-09:21:11
HVAC return air,18.25,2023/01/17-09:21:16
HVAC return air,18.25,2023/01/17-09:21:21
HVAC return air,18.25,2023/01/17-09:21:26
HVAC return air,18.25,2023/01/17-09:21:31
HVAC return air,18.25,2023/01/17-09:21:36
HVAC return air,18.25,2023/01/17-09:21:41
HVAC return air,18.25,2023/01/17-09:21:46
HVAC return air,18.25,2023/01/17-09:21:51
HVAC return air,18.25,2023/01/17-09:21:56
HVAC return air,18.25,2023/01/17-09:22:01
HVAC return air,18.25,2023/01/17-09:22:06
HVAC return air,18.25,2023/01/17-09:22:11
HVAC return air,18.25,2023/01/17-09:22:16
HVAC return air,18.25,2023/01/17-09:22:21
HVAC return air,18.25,2023/01/17-09:22:26
HVAC return air,18.1875,2023/01/17-09:22:31
HVAC return air,18.25,2023/01/17-09:22:36
HVAC return air,18.25,2023/01/17-09:22:41
HVAC return air,18.1875,2023/01/17-09:22:46
HVAC return air,18.1875,2023/01/17-09:22:51
HVAC return air,18.1875,2023/01/17-09:22:57
HVAC return air,18.1875,2023/01/17-09:23:02
HVAC return air,18.1875,2023/01/17-09:23:07
HVAC return air,18.1875,2023/01/17-09:23:12
HVAC return air,18.25,2023/01/17-09:23:17
HVAC return air,18.1875,2023/01/17-09:23:22
HVAC return air,18.1875,2023/01/17-09:23:27
HVAC return air,18.1875,2023/01/17-09:23:32
HVAC return air,18.1875,2023/01/17-09:23:37
HVAC return air,18.1875,2023/01/17-09:23:42
HVAC return air,18.1875,2023/01/17-09:23:47
HVAC return air,18.1875,2023/01/17-09:23:52
HVAC return air,18.1875,2023/01/17-09:23:57
HVAC return air,18.1875,2023/01/17-09:24:02
HVAC return air,18.1875,2023/01/17-09:24:07
HVAC return air,18.1875,2023/01/17-09:24:12
HVAC return air,18.1875,2023/01/17-09:24:17
HVAC return air,18.1875,2023/01/17-09:24:22
HVAC return air,18.1875,2023/01/17-09:24:27
HVAC return air,18.1875,2023/01/17-09:24:32
HVAC return air,18.1875,2023/01/17-09:24:37
HVAC return air,18.1875,2023/01/17-09:24:42
HVAC return air,18.1875,2023/01/17-09:24:47
HVAC return air,18.1875,2023/01/17-09:24:52
HVAC return air,18.1875,2023/01/17-09:24:57
HVAC return air,18.1875,2023/01/17-09:25:02
HVAC return air,18.1875,2023/01/17-09:25:07
HVAC return air,18.1875,2023/01/17-09:25:12
HVAC return air,18.1875,2023/01/17-09:25:17
HVAC return air,18.1875,2023/01/17-09:25:23
HVAC return air,18.1875,2023/01/17-09:25:28
HVAC return air,18.1875,2023/01/17-09:25:33
HVAC return air,18.1875,2023/01/17-09:25:38
HVAC return air,18.1875,2023/01/17-09:25:43
HVAC return air,18.1875,2023/01/17-09:25:48
HVAC return air,18.1875,2023/01/17-09:25:53
HVAC return air,18.1875,2023/01/17-09:25:58
HVAC return air,18.1875,2023/01/17-09:26:03
HVAC return air,18.1875,2023/01/17-09:26:08
HVAC return air,18.1875,2023/01/17-09:26:13
HVAC return air,18.1875,2023/01/17-09:26:18
HVAC return air,18.1875,2023/01/17-09:26:23
HVAC return air,18.1875,2023/01/17-09:26:28
HVAC return air,18.1875,2023/01/17-09:26:33
HVAC return air,18.125,2023/01/17-09:26:38
HVAC return air,18.1875,2023/01/17-09:26:43
HVAC return air,18.1875,2023/01/17-09:26:48
HVAC return air,18.125,2023/01/17-09:26:53
HVAC return air,18.1875,2023/01/17-09:26:58
HVAC return air,18.125,2023/01/17-09:27:03
HVAC return air,18.125,2023/01/17-09:27:08
HVAC return air,18.125,2023/01/17-09:27:13
HVAC return air,18.125,2023/01/17-09:27:18
HVAC return air,18.125,2023/01/17-09:27:23
HVAC return air,18.125,2023/01/17-09:27:28
HVAC return air,18.125,2023/01/17-09:27:33
HVAC return air,18.125,2023/01/17-09:27:38
HVAC return air,18.125,2023/01/17-09:27:43
HVAC return air,18.125,2023/01/17-09:27:48
HVAC return air,18.125,2023/01/17-09:27:53
HVAC return air,18.125,2023/01/17-09:27:58
HVAC return air,18.125,2023/01/17-09:28:03
HVAC return air,18.125,2023/01/17-09:28:08
HVAC return air,18.125,2023/01/17-09:28:13
HVAC return air,18.125,2023/01/17-09:28:18
HVAC return air,18.125,2023/01/17-09:28:23
HVAC return air,18.125,2023/01/17-09:28:28
HVAC return air,18.125,2023/01/17-09:28:34
HVAC return air,18.125,2023/01/17-09:28:39
HVAC return air,18.125,2023/01/17-09:28:44
HVAC return air,18.0625,2023/01/17-09:28:49
HVAC return air,18.125,2023/01/17-09:28:54
HVAC return air,18.0625,2023/01/17-09:28:59
HVAC return air,18.0625,2023/01/17-09:29:04
HVAC return air,18.0625,2023/01/17-09:29:09
HVAC return air,18.0625,2023/01/17-09:29:14
HVAC return air,18.0625,2023/01/17-09:29:19
HVAC return air,18.0625,2023/01/17-09:29:24
HVAC return air,18.0625,2023/01/17-09:29:29
HVAC return air,18.0625,2023/01/17-09:29:34
HVAC return air,18.0625,2023/01/17-09:29:39
HVAC return air,18.0625,2023/01/17-09:29:44
HVAC return air,18.0625,2023/01/17-09:29:49
HVAC return air,18.0625,2023/01/17-09:29:54
HVAC return air,18.0625,2023/01/17-09:29:59
HVAC return air,18.0,2023/01/17-09:30:04
HVAC return air,18.0,2023/01/17-09:30:09
HVAC return air,18.0625,2023/01/17-09:30:14
HVAC return air,18.0625,2023/01/17-09:30:19
HVAC return air,18.0,2023/01/17-09:30:24
HVAC return air,18.0625,2023/01/17-09:30:29
HVAC return air,18.0,2023/01/17-09:30:34
HVAC return air,18.0,2023/01/17-09:30:39
HVAC return air,18.0,2023/01/17-09:30:44
HVAC return air,18.0,2023/01/17-09:30:49
HVAC return air,18.0,2023/01/17-09:30:54
HVAC return air,18.0,2023/01/17-09:30:59
HVAC return air,18.0,2023/01/17-09:31:04
HVAC return air,18.0,2023/01/17-09:31:09
HVAC return air,18.0,2023/01/17-09:31:14
HVAC return air,18.0,2023/01/17-09:31:19
HVAC return air,18.0,2023/01/17-09:31:24
HVAC return air,18.0,2023/01/17-09:31:30
HVAC return air,18.0,2023/01/17-09:31:35
HVAC return air,18.0,2023/01/17-09:31:40
HVAC return air,17.9375,2023/01/17-09:31:45
HVAC return air,18.0,2023/01/17-09:31:50
HVAC return air,17.9375,2023/01/17-09:31:55
HVAC return air,18.0,2023/01/17-09:32:00
HVAC return air,17.9375,2023/01/17-09:32:05
HVAC return air,17.9375,2023/01/17-09:32:10
HVAC return air,17.9375,2023/01/17-09:32:15
HVAC return air,17.9375,2023/01/17-09:32:20
HVAC return air,17.9375,2023/01/17-09:32:25
HVAC return air,17.9375,2023/01/17-09:32:30
HVAC return air,17.9375,2023/01/17-09:32:35
HVAC return air,17.9375,2023/01/17-09:32:40
HVAC return air,17.9375,2023/01/17-09:32:45
HVAC return air,17.9375,2023/01/17-09:32:50
HVAC return air,17.9375,2023/01/17-09:32:55
HVAC return air,17.9375,2023/01/17-09:33:00
HVAC return air,17.9375,2023/01/17-09:33:05
HVAC return air,17.9375,2023/01/17-09:33:10
HVAC return air,17.9375,2023/01/17-09:33:15
HVAC return air,17.875,2023/01/17-09:33:20
HVAC return air,17.875,2023/01/17-09:33:25
HVAC return air,17.875,2023/01/17-09:33:30
HVAC return air,17.875,2023/01/17-09:33:35
HVAC return air,17.875,2023/01/17-09:33:40
HVAC return air,17.875,2023/01/17-09:33:46
HVAC return air,17.875,2023/01/17-09:33:51
HVAC return air,17.875,2023/01/17-09:33:56
HVAC return air,17.875,2023/01/17-09:34:01
HVAC return air,17.875,2023/01/17-09:34:06
HVAC return air,17.875,2023/01/17-09:34:11
HVAC return air,17.875,2023/01/17-09:34:16
HVAC return air,17.875,2023/01/17-09:34:21
HVAC return air,17.875,2023/01/17-09:34:26
HVAC return air,17.875,2023/01/17-09:34:31
HVAC return air,17.875,2023/01/17-09:34:36
HVAC return air,17.875,2023/01/17-09:34:41
HVAC return air,17.875,2023/01/17-09:34:46
HVAC return air,17.8125,2023/01/17-09:34:51
HVAC return air,17.8125,2023/01/17-09:34:56
HVAC return air,17.8125,2023/01/17-09:35:01
HVAC return air,17.8125,2023/01/17-09:35:06
HVAC return air,17.875,2023/01/17-09:35:11
HVAC return air,17.875,2023/01/17-09:35:16
HVAC return air,17.875,2023/01/17-09:35:21
HVAC return air,17.875,2023/01/17-09:35:26
HVAC return air,17.875,2023/01/17-09:35:31
HVAC return air,17.875,2023/01/17-09:35:36
HVAC return air,17.875,2023/01/17-09:35:41
HVAC return air,17.9375,2023/01/17-09:35:46
HVAC return air,17.9375,2023/01/17-09:35:51
HVAC return air,17.9375,2023/01/17-09:35:56
HVAC return air,17.9375,2023/01/17-09:36:01
HVAC return air,18.0,2023/01/17-09:36:06
HVAC return air,18.0,2023/01/17-09:36:11
HVAC return air,18.0,2023/01/17-09:36:17
HVAC return air,18.0,2023/01/17-09:36:22
HVAC return air,18.0,2023/01/17-09:36:27
HVAC return air,18.0,2023/01/17-09:36:32
HVAC return air,18.0625,2023/01/17-09:36:37
HVAC return air,18.0625,2023/01/17-09:36:42
HVAC return air,18.0625,2023/01/17-09:36:47
HVAC return air,18.0625,2023/01/17-09:36:52
HVAC return air,18.0625,2023/01/17-09:36:57
HVAC return air,18.0625,2023/01/17-09:37:02
HVAC return air,18.125,2023/01/17-09:37:07
HVAC return air,18.125,2023/01/17-09:37:12
HVAC return air,18.125,2023/01/17-09:37:17
HVAC return air,18.125,2023/01/17-09:37:22
HVAC return air,18.125,2023/01/17-09:37:27
HVAC return air,18.1875,2023/01/17-09:37:32
HVAC return air,18.1875,2023/01/17-09:37:37
HVAC return air,18.1875,2023/01/17-09:37:42
HVAC return air,18.1875,2023/01/17-09:37:47
HVAC return air,18.25,2023/01/17-09:37:52
HVAC return air,18.25,2023/01/17-09:37:57
HVAC return air,18.25,2023/01/17-09:38:02
HVAC return air,18.25,2023/01/17-09:38:07
HVAC return air,18.25,2023/01/17-09:38:12
HVAC return air,18.3125,2023/01/17-09:38:17
HVAC return air,18.3125,2023/01/17-09:38:22
HVAC return air,18.3125,2023/01/17-09:38:27
HVAC return air,18.3125,2023/01/17-09:38:32
HVAC return air,18.3125,2023/01/17-09:38:37
HVAC return air,18.3125,2023/01/17-09:38:42
HVAC return air,18.375,2023/01/17-09:38:47
HVAC return air,18.375,2023/01/17-09:38:53
HVAC return air,18.375,2023/01/17-09:38:58
HVAC return air,18.375,2023/01/17-09:39:03
HVAC return air,18.375,2023/01/17-09:39:08
HVAC return air,18.4375,2023/01/17-09:39:13
HVAC return air,18.4375,2023/01/17-09:39:18
HVAC return air,18.4375,2023/01/17-09:39:23
HVAC return air,18.4375,2023/01/17-09:39:28
HVAC return air,18.4375,2023/01/17-09:39:33
HVAC return air,18.4375,2023/01/17-09:39:38
HVAC return air,18.5,2023/01/17-09:39:43
HVAC return air,18.5,2023/01/17-09:39:48
HVAC return air,18.5,2023/01/17-09:39:53
HVAC return air,18.5,2023/01/17-09:39:58
HVAC return air,18.5,2023/01/17-09:40:03
HVAC return air,18.5625,2023/01/17-09:40:08
HVAC return air,18.5625,2023/01/17-09:40:13
3/8inch copper coolant coil,22.4375,2023/01/17-09:20:36
3/8inch copper coolant coil,22.4375,2023/01/17-09:20:42
3/8inch copper coolant coil,22.375,2023/01/17-09:20:47
3/8inch copper coolant coil,22.375,2023/01/17-09:20:52
3/8inch copper coolant coil,22.3125,2023/01/17-09:20:57
3/8inch copper coolant coil,22.3125,2023/01/17-09:21:02
3/8inch copper coolant coil,22.3125,2023/01/17-09:21:07
3/8inch copper coolant coil,22.25,2023/01/17-09:21:12
3/8inch copper coolant coil,22.25,2023/01/17-09:21:17
3/8inch copper coolant coil,22.1875,2023/01/17-09:21:22
3/8inch copper coolant coil,22.1875,2023/01/17-09:21:27
3/8inch copper coolant coil,22.1875,2023/01/17-09:21:32
3/8inch copper coolant coil,22.125,2023/01/17-09:21:37
3/8inch copper coolant coil,22.125,2023/01/17-09:21:42
3/8inch copper coolant coil,22.125,2023/01/17-09:21:47
3/8inch copper coolant coil,22.0625,2023/01/17-09:21:52
3/8inch copper coolant coil,22.0625,2023/01/17-09:21:57
3/8inch copper coolant coil,22.0,2023/01/17-09:22:02
3/8inch copper coolant coil,22.0,2023/01/17-09:22:07
3/8inch copper coolant coil,22.0,2023/01/17-09:22:12
3/8inch copper coolant coil,21.9375,2023/01/17-09:22:17
3/8inch copper coolant coil,21.9375,2023/01/17-09:22:22
3/8inch copper coolant coil,21.9375,2023/01/17-09:22:27
3/8inch copper coolant coil,21.875,2023/01/17-09:22:32
3/8inch copper coolant coil,21.875,2023/01/17-09:22:37
3/8inch copper coolant coil,21.875,2023/01/17-09:22:42
3/8inch copper coolant coil,21.8125,2023/01/17-09:22:47
3/8inch copper coolant coil,21.8125,2023/01/17-09:22:52
3/8inch copper coolant coil,21.8125,2023/01/17-09:22:57
3/8inch copper coolant coil,21.75,2023/01/17-09:23:02
3/8inch copper coolant coil,21.75,2023/01/17-09:23:07
3/8inch copper coolant coil,21.75,2023/01/17-09:23:12
3/8inch copper coolant coil,21.6875,2023/01/17-09:23:18
3/8inch copper coolant coil,21.6875,2023/01/17-09:23:23
3/8inch copper coolant coil,21.6875,2023/01/17-09:23:28
3/8inch copper coolant coil,21.625,2023/01/17-09:23:33
3/8inch copper coolant coil,21.625,2023/01/17-09:23:38
3/8inch copper coolant coil,21.625,2023/01/17-09:23:43
3/8inch copper coolant coil,21.5625,2023/01/17-09:23:48
3/8inch copper coolant coil,21.5625,2023/01/17-09:23:53
3/8inch copper coolant coil,21.5625,2023/01/17-09:23:58
3/8inch copper coolant coil,21.5,2023/01/17-09:24:03
3/8inch copper coolant coil,21.5,2023/01/17-09:24:08
3/8inch copper coolant coil,21.5,2023/01/17-09:24:13
3/8inch copper coolant coil,21.4375,2023/01/17-09:24:18
3/8inch copper coolant coil,21.4375,2023/01/17-09:24:23
3/8inch copper coolant coil,21.4375,2023/01/17-09:24:28
3/8inch copper coolant coil,21.375,2023/01/17-09:24:33
3/8inch copper coolant coil,21.375,2023/01/17-09:24:38
3/8inch copper coolant coil,21.375,2023/01/17-09:24:43
3/8inch copper coolant coil,21.375,2023/01/17-09:24:48
3/8inch copper coolant coil,21.3125,2023/01/17-09:24:53
3/8inch copper coolant coil,21.3125,2023/01/17-09:24:58
3/8inch copper coolant coil,21.3125,2023/01/17-09:25:03
3/8inch copper coolant coil,21.25,2023/01/17-09:25:08
3/8inch copper coolant coil,21.25,2023/01/17-09:25:13
3/8inch copper coolant coil,21.25,2023/01/17-09:25:18
3/8inch copper coolant coil,21.1875,2023/01/17-09:25:23
3/8inch copper coolant coil,21.1875,2023/01/17-09:25:28
3/8inch copper coolant coil,21.1875,2023/01/17-09:25:33
3/8inch copper coolant coil,21.1875,2023/01/17-09:25:38
3/8inch copper coolant coil,21.125,2023/01/17-09:25:43
3/8inch copper coolant coil,21.125,2023/01/17-09:25:48
3/8inch copper coolant coil,21.125,2023/01/17-09:25:53
3/8inch copper coolant coil,21.125,2023/01/17-09:25:58
3/8inch copper coolant coil,21.0625,2023/01/17-09:26:03
3/8inch copper coolant coil,21.0625,2023/01/17-09:26:09
3/8inch copper coolant coil,21.0625,2023/01/17-09:26:14
3/8inch copper coolant coil,21.0,2023/01/17-09:26:19
3/8inch copper coolant coil,21.0,2023/01/17-09:26:24
3/8inch copper coolant coil,21.0,2023/01/17-09:26:29
3/8inch copper coolant coil,21.0,2023/01/17-09:26:34
3/8inch copper coolant coil,20.9375,2023/01/17-09:26:39
3/8inch copper coolant coil,20.9375,2023/01/17-09:26:44
3/8inch copper coolant coil,20.9375,2023/01/17-09:26:49
3/8inch copper coolant coil,20.875,2023/01/17-09:26:54
3/8inch copper coolant coil,20.875,2023/01/17-09:26:59
3/8inch copper coolant coil,20.875,2023/01/17-09:27:04
3/8inch copper coolant coil,20.875,2023/01/17-09:27:09
3/8inch copper coolant coil,20.8125,2023/01/17-09:27:14
3/8inch copper coolant coil,20.8125,2023/01/17-09:27:19
3/8inch copper coolant coil,20.8125,2023/01/17-09:27:24
3/8inch copper coolant coil,20.75,2023/01/17-09:27:29
3/8inch copper coolant coil,20.75,2023/01/17-09:27:34
3/8inch copper coolant coil,20.75,2023/01/17-09:27:39
3/8inch copper coolant coil,20.75,2023/01/17-09:27:44
3/8inch copper coolant coil,20.6875,2023/01/17-09:27:49
3/8inch copper coolant coil,20.6875,2023/01/17-09:27:54
3/8inch copper coolant coil,20.6875,2023/01/17-09:27:59
3/8inch copper coolant coil,20.6875,2023/01/17-09:28:04
3/8inch copper coolant coil,20.625,2023/01/17-09:28:09
3/8inch copper coolant coil,20.625,2023/01/17-09:28:14
3/8inch copper coolant coil,20.625,2023/01/17-09:28:19
3/8inch copper coolant coil,20.5625,2023/01/17-09:28:24
3/8inch copper coolant coil,20.5625,2023/01/17-09:28:29
3/8inch copper coolant coil,20.5625,2023/01/17-09:28:34
3/8inch copper coolant coil,20.5625,2023/01/17-09:28:39
3/8inch copper coolant coil,20.5625,2023/01/17-09:28:44
3/8inch copper coolant coil,20.5,2023/01/17-09:28:49
3/8inch copper coolant coil,20.5,2023/01/17-09:28:54
3/8inch copper coolant coil,20.5,2023/01/17-09:28:59
3/8inch copper coolant coil,20.5,2023/01/17-09:29:04
3/8inch copper coolant coil,20.4375,2023/01/17-09:29:09
3/8inch copper coolant coil,20.4375,2023/01/17-09:29:15
3/8inch copper coolant coil,20.4375,2023/01/17-09:29:20
3/8inch copper coolant coil,20.4375,2023/01/17-09:29:25
3/8inch copper coolant coil,20.4375,2023/01/17-09:29:30
3/8inch copper coolant coil,20.375,2023/01/17-09:29:35
3/8inch copper coolant coil,20.375,2023/01/17-09:29:40
3/8inch copper coolant coil,20.375,2023/01/17-09:29:45
3/8inch copper coolant coil,20.375,2023/01/17-09:29:50
3/8inch copper coolant coil,20.3125,2023/01/17-09:29:55
3/8inch copper coolant coil,20.3125,2023/01/17-09:30:00
3/8inch copper coolant coil,20.3125,2023/01/17-09:30:05
3/8inch copper coolant coil,20.25,2023/01/17-09:30:10
3/8inch copper coolant coil,20.25,2023/01/17-09:30:15
3/8inch copper coolant coil,20.25,2023/01/17-09:30:20
3/8inch copper coolant coil,20.25,2023/01/17-09:30:25
3/8inch copper coolant coil,20.25,2023/01/17-09:30:30
3/8inch copper coolant coil,20.1875,2023/01/17-09:30:35
3/8inch copper coolant coil,20.1875,2023/01/17-09:30:40
3/8inch copper coolant coil,20.1875,2023/01/17-09:30:45
3/8inch copper coolant coil,20.1875,2023/01/17-09:30:50
3/8inch copper coolant coil,20.1875,2023/01/17-09:30:55
3/8inch copper coolant coil,20.125,2023/01/17-09:31:00
3/8inch copper coolant coil,20.125,2023/01/17-09:31:05
3/8inch copper coolant coil,20.125,2023/01/17-09:31:10
3/8inch copper coolant coil,20.125,2023/01/17-09:31:15
3/8inch copper coolant coil,20.125,2023/01/17-09:31:20
3/8inch copper coolant coil,20.0625,2023/01/17-09:31:25
3/8inch copper coolant coil,20.0625,2023/01/17-09:31:30
3/8inch copper coolant coil,20.0625,2023/01/17-09:31:35
3/8inch copper coolant coil,20.0625,2023/01/17-09:31:40
3/8inch copper coolant coil,20.0,2023/01/17-09:31:45
3/8inch copper coolant coil,20.0,2023/01/17-09:31:51
3/8inch copper coolant coil,20.0,2023/01/17-09:31:56
3/8inch copper coolant coil,19.9375,2023/01/17-09:32:01
3/8inch copper coolant coil,20.0,2023/01/17-09:32:06
3/8inch copper coolant coil,19.9375,2023/01/17-09:32:11
3/8inch copper coolant coil,19.9375,2023/01/17-09:32:16
3/8inch copper coolant coil,19.9375,2023/01/17-09:32:21
3/8inch copper coolant coil,19.9375,2023/01/17-09:32:26
3/8inch copper coolant coil,19.875,2023/01/17-09:32:31
3/8inch copper coolant coil,19.875,2023/01/17-09:32:36
3/8inch copper coolant coil,19.875,2023/01/17-09:32:41
3/8inch copper coolant coil,19.875,2023/01/17-09:32:46
3/8inch copper coolant coil,19.875,2023/01/17-09:32:51
3/8inch copper coolant coil,19.875,2023/01/17-09:32:56
3/8inch copper coolant coil,19.8125,2023/01/17-09:33:01
3/8inch copper coolant coil,19.8125,2023/01/17-09:33:06
3/8inch copper coolant coil,19.8125,2023/01/17-09:33:11
3/8inch copper coolant coil,19.8125,2023/01/17-09:33:16
3/8inch copper coolant coil,19.8125,2023/01/17-09:33:21
3/8inch copper coolant coil,19.75,2023/01/17-09:33:26
3/8inch copper coolant coil,19.75,2023/01/17-09:33:31
3/8inch copper coolant coil,19.75,2023/01/17-09:33:36
3/8inch copper coolant coil,19.75,2023/01/17-09:33:41
3/8inch copper coolant coil,19.75,2023/01/17-09:33:46
3/8inch copper coolant coil,19.6875,2023/01/17-09:33:51
3/8inch copper coolant coil,19.6875,2023/01/17-09:33:56
3/8inch copper coolant coil,19.6875,2023/01/17-09:34:01
3/8inch copper coolant coil,19.6875,2023/01/17-09:34:06
3/8inch copper coolant coil,19.6875,2023/01/17-09:34:11
3/8inch copper coolant coil,19.625,2023/01/17-09:34:16
3/8inch copper coolant coil,19.625,2023/01/17-09:34:21
3/8inch copper coolant coil,19.625,2023/01/17-09:34:27
3/8inch copper coolant coil,19.625,2023/01/17-09:34:32
3/8inch copper coolant coil,19.625,2023/01/17-09:34:37
3/8inch copper coolant coil,19.625,2023/01/17-09:34:42
3/8inch copper coolant coil,19.5625,2023/01/17-09:34:47
3/8inch copper coolant coil,19.5625,2023/01/17-09:34:52
3/8inch copper coolant coil,19.5625,2023/01/17-09:34:57
3/8inch copper coolant coil,19.5625,2023/01/17-09:35:02
3/8inch copper coolant coil,19.5625,2023/01/17-09:35:07
3/8inch copper coolant coil,19.6875,2023/01/17-09:35:12
3/8inch copper coolant coil,19.875,2023/01/17-09:35:17
3/8inch copper coolant coil,20.125,2023/01/17-09:35:22
3/8inch copper coolant coil,20.125,2023/01/17-09:35:27
3/8inch copper coolant coil,20.75,2023/01/17-09:35:32
3/8inch copper coolant coil,21.1875,2023/01/17-09:35:37
3/8inch copper coolant coil,21.625,2023/01/17-09:35:42
3/8inch copper coolant coil,22.0625,2023/01/17-09:35:47
3/8inch copper coolant coil,22.5,2023/01/17-09:35:52
3/8inch copper coolant coil,22.875,2023/01/17-09:35:57
3/8inch copper coolant coil,23.25,2023/01/17-09:36:02
3/8inch copper coolant coil,23.6875,2023/01/17-09:36:07
3/8inch copper coolant coil,24.0625,2023/01/17-09:36:12
3/8inch copper coolant coil,24.4375,2023/01/17-09:36:17
3/8inch copper coolant coil,24.75,2023/01/17-09:36:22
3/8inch copper coolant coil,25.0625,2023/01/17-09:36:27
3/8inch copper coolant coil,25.375,2023/01/17-09:36:32
3/8inch copper coolant coil,25.625,2023/01/17-09:36:37
3/8inch copper coolant coil,25.875,2023/01/17-09:36:43
3/8inch copper coolant coil,26.125,2023/01/17-09:36:48
3/8inch copper coolant coil,26.3125,2023/01/17-09:36:53
3/8inch copper coolant coil,26.5,2023/01/17-09:36:58
3/8inch copper coolant coil,26.75,2023/01/17-09:37:03
3/8inch copper coolant coil,26.875,2023/01/17-09:37:08
3/8inch copper coolant coil,27.0625,2023/01/17-09:37:13
3/8inch copper coolant coil,27.1875,2023/01/17-09:37:18
3/8inch copper coolant coil,27.375,2023/01/17-09:37:23
3/8inch copper coolant coil,27.5,2023/01/17-09:37:28
3/8inch copper coolant coil,27.6875,2023/01/17-09:37:33
3/8inch copper coolant coil,27.8125,2023/01/17-09:37:38
3/8inch copper coolant coil,27.9375,2023/01/17-09:37:43
3/8inch copper coolant coil,28.0625,2023/01/17-09:37:48
3/8inch copper coolant coil,28.25,2023/01/17-09:37:53
3/8inch copper coolant coil,28.375,2023/01/17-09:37:58
3/8inch copper coolant coil,28.5,2023/01/17-09:38:03
3/8inch copper coolant coil,28.625,2023/01/17-09:38:08
3/8inch copper coolant coil,28.8125,2023/01/17-09:38:13
3/8inch copper coolant coil,28.9375,2023/01/17-09:38:18
3/8inch copper coolant coil,29.0625,2023/01/17-09:38:23
3/8inch copper coolant coil,29.1875,2023/01/17-09:38:28
3/8inch copper coolant coil,29.25,2023/01/17-09:38:33
3/8inch copper coolant coil,29.375,2023/01/17-09:38:38
3/8inch copper coolant coil,29.5,2023/01/17-09:38:43
3/8inch copper coolant coil,29.625,2023/01/17-09:38:48
3/8inch copper coolant coil,29.75,2023/01/17-09:38:53
3/8inch copper coolant coil,29.8125,2023/01/17-09:38:58
3/8inch copper coolant coil,29.9375,2023/01/17-09:39:03
3/8inch copper coolant coil,30.0,2023/01/17-09:39:08
3/8inch copper coolant coil,30.125,2023/01/17-09:39:13
3/8inch copper coolant coil,30.1875,2023/01/17-09:39:18
3/8inch copper coolant coil,30.25,2023/01/17-09:39:23
3/8inch copper coolant coil,30.3125,2023/01/17-09:39:28
3/8inch copper coolant coil,30.375,2023/01/17-09:39:34
3/8inch copper coolant coil,30.4375,2023/01/17-09:39:39
3/8inch copper coolant coil,30.5,2023/01/17-09:39:44
3/8inch copper coolant coil,30.5,2023/01/17-09:39:49
3/8inch copper coolant coil,30.5,2023/01/17-09:39:54
3/8inch copper coolant coil,30.5,2023/01/17-09:39:59
3/8inch copper coolant coil,30.5625,2023/01/17-09:40:04
3/8inch copper coolant coil,30.5625,2023/01/17-09:40:09
3/8inch copper coolant coil,30.5625,2023/01/17-09:40:14
3/4inch copper coolant coil,23.1875,2023/01/17-09:20:37
3/4inch copper coolant coil,23.125,2023/01/17-09:20:42
3/4inch copper coolant coil,23.125,2023/01/17-09:20:47
3/4inch copper coolant coil,23.0625,2023/01/17-09:20:52
3/4inch copper coolant coil,23.0,2023/01/17-09:20:57
3/4inch copper coolant coil,23.0,2023/01/17-09:21:02
3/4inch copper coolant coil,23.0,2023/01/17-09:21:07
3/4inch copper coolant coil,22.9375,2023/01/17-09:21:12
3/4inch copper coolant coil,22.9375,2023/01/17-09:21:17
3/4inch copper coolant coil,22.875,2023/01/17-09:21:23
3/4inch copper coolant coil,22.8125,2023/01/17-09:21:28
3/4inch copper coolant coil,22.8125,2023/01/17-09:21:33
3/4inch copper coolant coil,22.75,2023/01/17-09:21:38
3/4inch copper coolant coil,22.75,2023/01/17-09:21:43
3/4inch copper coolant coil,22.75,2023/01/17-09:21:48
3/4inch copper coolant coil,22.6875,2023/01/17-09:21:53
3/4inch copper coolant coil,22.6875,2023/01/17-09:21:58
3/4inch copper coolant coil,22.625,2023/01/17-09:22:03
3/4inch copper coolant coil,22.625,2023/01/17-09:22:08
3/4inch copper coolant coil,22.5625,2023/01/17-09:22:13
3/4inch copper coolant coil,22.5625,2023/01/17-09:22:18
3/4inch copper coolant coil,22.5,2023/01/17-09:22:23
3/4inch copper coolant coil,22.5,2023/01/17-09:22:28
3/4inch copper coolant coil,22.4375,2023/01/17-09:22:33
3/4inch copper coolant coil,22.4375,2023/01/17-09:22:38
3/4inch copper coolant coil,22.4375,2023/01/17-09:22:43
3/4inch copper coolant coil,22.375,2023/01/17-09:22:48
3/4inch copper coolant coil,22.3125,2023/01/17-09:22:53
3/4inch copper coolant coil,22.3125,2023/01/17-09:22:58
3/4inch copper coolant coil,22.3125,2023/01/17-09:23:03
3/4inch copper coolant coil,22.25,2023/01/17-09:23:08
3/4inch copper coolant coil,22.25,2023/01/17-09:23:13
3/4inch copper coolant coil,22.1875,2023/01/17-09:23:18
3/4inch copper coolant coil,22.1875,2023/01/17-09:23:23
3/4inch copper coolant coil,22.125,2023/01/17-09:23:28
3/4inch copper coolant coil,22.125,2023/01/17-09:23:33
3/4inch copper coolant coil,22.0625,2023/01/17-09:23:38
3/4inch copper coolant coil,22.0625,2023/01/17-09:23:43
3/4inch copper coolant coil,22.0,2023/01/17-09:23:49
3/4inch copper coolant coil,22.0,2023/01/17-09:23:54
3/4inch copper coolant coil,21.9375,2023/01/17-09:23:59
3/4inch copper coolant coil,21.9375,2023/01/17-09:24:04
3/4inch copper coolant coil,21.9375,2023/01/17-09:24:09
3/4inch copper coolant coil,21.875,2023/01/17-09:24:14
3/4inch copper coolant coil,21.875,2023/01/17-09:24:19
3/4inch copper coolant coil,21.875,2023/01/17-09:24:24
3/4inch copper coolant coil,21.8125,2023/01/17-09:24:29
3/4inch copper coolant coil,21.8125,2023/01/17-09:24:34
3/4inch copper coolant coil,21.8125,2023/01/17-09:24:39
3/4inch copper coolant coil,21.75,2023/01/17-09:24:44
3/4inch copper coolant coil,21.75,2023/01/17-09:24:49
3/4inch copper coolant coil,21.6875,2023/01/17-09:24:54
3/4inch copper coolant coil,21.6875,2023/01/17-09:24:59
3/4inch copper coolant coil,21.625,2023/01/17-09:25:04
3/4inch copper coolant coil,21.625,2023/01/17-09:25:09
3/4inch copper coolant coil,21.625,2023/01/17-09:25:14
3/4inch copper coolant coil,21.5625,2023/01/17-09:25:19
3/4inch copper coolant coil,21.5625,2023/01/17-09:25:24
3/4inch copper coolant coil,21.5625,2023/01/17-09:25:29
3/4inch copper coolant coil,21.5,2023/01/17-09:25:34
3/4inch copper coolant coil,21.5,2023/01/17-09:25:39
3/4inch copper coolant coil,21.4375,2023/01/17-09:25:44
3/4inch copper coolant coil,21.4375,2023/01/17-09:25:49
3/4inch copper coolant coil,21.4375,2023/01/17-09:25:54
3/4inch copper coolant coil,21.375,2023/01/17-09:25:59
3/4inch copper coolant coil,21.375,2023/01/17-09:26:04
3/4inch copper coolant coil,21.375,2023/01/17-09:26:09
3/4inch copper coolant coil,21.3125,2023/01/17-09:26:14
3/4inch copper coolant coil,21.3125,2023/01/17-09:26:19
3/4inch copper coolant coil,21.3125,2023/01/17-09:26:24
3/4inch copper coolant coil,21.25,2023/01/17-09:26:29
3/4inch copper coolant coil,21.25,2023/01/17-09:26:34
3/4inch copper coolant coil,21.25,2023/01/17-09:26:39
3/4inch copper coolant coil,21.1875,2023/01/17-09:26:44
3/4inch copper coolant coil,21.1875,2023/01/17-09:26:50
3/4inch copper coolant coil,21.1875,2023/01/17-09:26:55
3/4inch copper coolant coil,21.125,2023/01/17-09:27:00
3/4inch copper coolant coil,21.125,2023/01/17-09:27:05
3/4inch copper coolant coil,21.125,2023/01/17-09:27:10
3/4inch copper coolant coil,21.0625,2023/01/17-09:27:15
3/4inch copper coolant coil,21.0625,2023/01/17-09:27:20
3/4inch copper coolant coil,21.0625,2023/01/17-09:27:25
3/4inch copper coolant coil,21.0625,2023/01/17-09:27:30
3/4inch copper coolant coil,21.0,2023/01/17-09:27:35
3/4inch copper coolant coil,21.0,2023/01/17-09:27:40
3/4inch copper coolant coil,20.9375,2023/01/17-09:27:45
3/4inch copper coolant coil,20.9375,2023/01/17-09:27:50
3/4inch copper coolant coil,20.9375,2023/01/17-09:27:55
3/4inch copper coolant coil,20.9375,2023/01/17-09:28:00
3/4inch copper coolant coil,20.875,2023/01/17-09:28:05
3/4inch copper coolant coil,20.875,2023/01/17-09:28:10
3/4inch copper coolant coil,20.875,2023/01/17-09:28:15
3/4inch copper coolant coil,20.8125,2023/01/17-09:28:20
3/4inch copper coolant coil,20.8125,2023/01/17-09:28:25
3/4inch copper coolant coil,20.8125,2023/01/17-09:28:30
3/4inch copper coolant coil,20.75,2023/01/17-09:28:35
3/4inch copper coolant coil,20.75,2023/01/17-09:28:40
3/4inch copper coolant coil,20.75,2023/01/17-09:28:45
3/4inch copper coolant coil,20.75,2023/01/17-09:28:50
3/4inch copper coolant coil,20.6875,2023/01/17-09:28:55
3/4inch copper coolant coil,20.6875,2023/01/17-09:29:00
3/4inch copper coolant coil,20.6875,2023/01/17-09:29:05
3/4inch copper coolant coil,20.625,2023/01/17-09:29:10
3/4inch copper coolant coil,20.625,2023/01/17-09:29:15
3/4inch copper coolant coil,20.625,2023/01/17-09:29:20
3/4inch copper coolant coil,20.625,2023/01/17-09:29:25
3/4inch copper coolant coil,20.5625,2023/01/17-09:29:31
3/4inch copper coolant coil,20.5625,2023/01/17-09:29:36
3/4inch copper coolant coil,20.5625,2023/01/17-09:29:41
3/4inch copper coolant coil,20.5,2023/01/17-09:29:46
3/4inch copper coolant coil,20.5,2023/01/17-09:29:51
3/4inch copper coolant coil,20.5,2023/01/17-09:29:56
3/4inch copper coolant coil,20.5,2023/01/17-09:30:01
3/4inch copper coolant coil,20.4375,2023/01/17-09:30:06
3/4inch copper coolant coil,20.4375,2023/01/17-09:30:11
3/4inch copper coolant coil,20.4375,2023/01/17-09:30:16
3/4inch copper coolant coil,20.4375,2023/01/17-09:30:21
3/4inch copper coolant coil,20.375,2023/01/17-09:30:26
3/4inch copper coolant coil,20.375,2023/01/17-09:30:31
3/4inch copper coolant coil,20.375,2023/01/17-09:30:36
3/4inch copper coolant coil,20.375,2023/01/17-09:30:41
3/4inch copper coolant coil,20.3125,2023/01/17-09:30:46
3/4inch copper coolant coil,20.3125,2023/01/17-09:30:51
3/4inch copper coolant coil,20.3125,2023/01/17-09:30:56
3/4inch copper coolant coil,20.3125,2023/01/17-09:31:01
3/4inch copper coolant coil,20.25,2023/01/17-09:31:06
3/4inch copper coolant coil,20.25,2023/01/17-09:31:11
3/4inch copper coolant coil,20.25,2023/01/17-09:31:16
3/4inch copper coolant coil,20.25,2023/01/17-09:31:21
3/4inch copper coolant coil,20.1875,2023/01/17-09:31:26
3/4inch copper coolant coil,20.1875,2023/01/17-09:31:31
3/4inch copper coolant coil,20.1875,2023/01/17-09:31:36
3/4inch copper coolant coil,20.125,2023/01/17-09:31:41
3/4inch copper coolant coil,20.125,2023/01/17-09:31:46
3/4inch copper coolant coil,20.125,2023/01/17-09:31:51
3/4inch copper coolant coil,20.125,2023/01/17-09:31:56
3/4inch copper coolant coil,20.125,2023/01/17-09:32:01
3/4inch copper coolant coil,20.0625,2023/01/17-09:32:06
3/4inch copper coolant coil,20.0625,2023/01/17-09:32:11
3/4inch copper coolant coil,20.0625,2023/01/17-09:32:16
3/4inch copper coolant coil,20.0625,2023/01/17-09:32:21
3/4inch copper coolant coil,20.0625,2023/01/17-09:32:27
3/4inch copper coolant coil,20.0,2023/01/17-09:32:32
3/4inch copper coolant coil,20.0,2023/01/17-09:32:37
3/4inch copper coolant coil,20.0,2023/01/17-09:32:42
3/4inch copper coolant coil,19.9375,2023/01/17-09:32:47
3/4inch copper coolant coil,19.9375,2023/01/17-09:32:52
3/4inch copper coolant coil,19.9375,2023/01/17-09:32:57
3/4inch copper coolant coil,19.9375,2023/01/17-09:33:02
3/4inch copper coolant coil,19.9375,2023/01/17-09:33:07
3/4inch copper coolant coil,19.875,2023/01/17-09:33:12
3/4inch copper coolant coil,19.875,2023/01/17-09:33:17
3/4inch copper coolant coil,19.875,2023/01/17-09:33:22
3/4inch copper coolant coil,19.875,2023/01/17-09:33:27
3/4inch copper coolant coil,19.8125,2023/01/17-09:33:32
3/4inch copper coolant coil,19.8125,2023/01/17-09:33:37
3/4inch copper coolant coil,19.8125,2023/01/17-09:33:42
3/4inch copper coolant coil,19.8125,2023/01/17-09:33:47
3/4inch copper coolant coil,19.8125,2023/01/17-09:33:52
3/4inch copper coolant coil,19.75,2023/01/17-09:33:57
3/4inch copper coolant coil,19.75,2023/01/17-09:34:02
3/4inch copper coolant coil,19.75,2023/01/17-09:34:07
3/4inch copper coolant coil,19.75,2023/01/17-09:34:12
3/4inch copper coolant coil,19.75,2023/01/17-09:34:17
3/4inch copper coolant coil,19.6875,2023/01/17-09:34:22
3/4inch copper coolant coil,19.6875,2023/01/17-09:34:27
3/4inch copper coolant coil,19.6875,2023/01/17-09:34:32
3/4inch copper coolant coil,19.6875,2023/01/17-09:34:37
3/4inch copper coolant coil,19.6875,2023/01/17-09:34:42
3/4inch copper coolant coil,19.625,2023/01/17-09:34:47
3/4inch copper coolant coil,19.625,2023/01/17-09:34:53
3/4inch copper coolant coil,19.625,2023/01/17-09:34:58
3/4inch copper coolant coil,19.625,2023/01/17-09:35:03
3/4inch copper coolant coil,19.875,2023/01/17-09:35:08
3/4inch copper coolant coil,20.375,2023/01/17-09:35:13
3/4inch copper coolant coil,20.9375,2023/01/17-09:35:18
3/4inch copper coolant coil,21.625,2023/01/17-09:35:23
3/4inch copper coolant coil,22.3125,2023/01/17-09:35:28
3/4inch copper coolant coil,23.0625,2023/01/17-09:35:33
3/4inch copper coolant coil,23.8125,2023/01/17-09:35:38
3/4inch copper coolant coil,24.5625,2023/01/17-09:35:43
3/4inch copper coolant coil,25.3125,2023/01/17-09:35:48
3/4inch copper coolant coil,26.0625,2023/01/17-09:35:53
3/4inch copper coolant coil,26.6875,2023/01/17-09:35:58
3/4inch copper coolant coil,27.25,2023/01/17-09:36:03
3/4inch copper coolant coil,27.875,2023/01/17-09:36:08
3/4inch copper coolant coil,28.375,2023/01/17-09:36:13
3/4inch copper coolant coil,28.8125,2023/01/17-09:36:18
3/4inch copper coolant coil,29.1875,2023/01/17-09:36:23
3/4inch copper coolant coil,29.5,2023/01/17-09:36:28
3/4inch copper coolant coil,29.8125,2023/01/17-09:36:33
3/4inch copper coolant coil,30.125,2023/01/17-09:36:38
3/4inch copper coolant coil,30.375,2023/01/17-09:36:43
3/4inch copper coolant coil,30.625,2023/01/17-09:36:48
3/4inch copper coolant coil,30.875,2023/01/17-09:36:53
3/4inch copper coolant coil,31.1875,2023/01/17-09:36:58
3/4inch copper coolant coil,31.4375,2023/01/17-09:37:03
3/4inch copper coolant coil,31.8125,2023/01/17-09:37:08
3/4inch copper coolant coil,32.125,2023/01/17-09:37:14
3/4inch copper coolant coil,32.4375,2023/01/17-09:37:19
3/4inch copper coolant coil,32.8125,2023/01/17-09:37:24
3/4inch copper coolant coil,33.125,2023/01/17-09:37:29
3/4inch copper coolant coil,33.5,2023/01/17-09:37:34
3/4inch copper coolant coil,33.875,2023/01/17-09:37:39
3/4inch copper coolant coil,34.25,2023/01/17-09:37:44
3/4inch copper coolant coil,34.625,2023/01/17-09:37:49
3/4inch copper coolant coil,35.0,2023/01/17-09:37:54
3/4inch copper coolant coil,35.375,2023/01/17-09:37:59
3/4inch copper coolant coil,35.75,2023/01/17-09:38:04
3/4inch copper coolant coil,36.1875,2023/01/17-09:38:09
3/4inch copper coolant coil,36.5,2023/01/17-09:38:14
3/4inch copper coolant coil,36.875,2023/01/17-09:38:19
3/4inch copper coolant coil,37.25,2023/01/17-09:38:24
3/4inch copper coolant coil,37.5625,2023/01/17-09:38:29
3/4inch copper coolant coil,37.9375,2023/01/17-09:38:34
3/4inch copper coolant coil,38.25,2023/01/17-09:38:39
3/4inch copper coolant coil,38.5625,2023/01/17-09:38:44
3/4inch copper coolant coil,38.875,2023/01/17-09:38:49
3/4inch copper coolant coil,39.1875,2023/01/17-09:38:54
3/4inch copper coolant coil,39.5,2023/01/17-09:38:59
3/4inch copper coolant coil,39.75,2023/01/17-09:39:04
3/4inch copper coolant coil,40.0,2023/01/17-09:39:09
3/4inch copper coolant coil,40.25,2023/01/17-09:39:14
3/4inch copper coolant coil,40.5,2023/01/17-09:39:19
3/4inch copper coolant coil,40.75,2023/01/17-09:39:24
3/4inch copper coolant coil,41.0,2023/01/17-09:39:29
3/4inch copper coolant coil,41.125,2023/01/17-09:39:34
3/4inch copper coolant coil,41.0,2023/01/17-09:39:39
3/4inch copper coolant coil,40.75,2023/01/17-09:39:44
3/4inch copper coolant coil,40.3125,2023/01/17-09:39:49
3/4inch copper coolant coil,39.875,2023/01/17-09:39:54
3/4inch copper coolant coil,39.4375,2023/01/17-09:39:59
3/4inch copper coolant coil,38.9375,2023/01/17-09:40:04
3/4inch copper coolant coil,38.5,2023/01/17-09:40:09
3/4inch copper coolant coil,38.0625,2023/01/17-09:40:15
Furnace flue temp,18.125,2023/01/17-09:20:38
Furnace flue temp,18.125,2023/01/17-09:20:43
Furnace flue temp,18.125,2023/01/17-09:20:48
Furnace flue temp,18.125,2023/01/17-09:20:53
Furnace flue temp,18.125,2023/01/17-09:20:58
Furnace flue temp,18.125,2023/01/17-09:21:03
Furnace flue temp,18.125,2023/01/17-09:21:08
Furnace flue temp,18.125,2023/01/17-09:21:13
Furnace flue temp,18.125,2023/01/17-09:21:18
Furnace flue temp,18.125,2023/01/17-09:21:23
Furnace flue temp,18.125,2023/01/17-09:21:28
Furnace flue temp,18.125,2023/01/17-09:21:33
Furnace flue temp,18.125,2023/01/17-09:21:38
Furnace flue temp,18.125,2023/01/17-09:21:43
Furnace flue temp,18.125,2023/01/17-09:21:48
Furnace flue temp,18.125,2023/01/17-09:21:53
Furnace flue temp,18.125,2023/01/17-09:21:59
Furnace flue temp,18.125,2023/01/17-09:22:04
Furnace flue temp,18.125,2023/01/17-09:22:09
Furnace flue temp,18.125,2023/01/17-09:22:14
Furnace flue temp,18.125,2023/01/17-09:22:19
Furnace flue temp,18.125,2023/01/17-09:22:24
Furnace flue temp,18.125,2023/01/17-09:22:29
Furnace flue temp,18.125,2023/01/17-09:22:34
Furnace flue temp,18.125,2023/01/17-09:22:39
Furnace flue temp,18.125,2023/01/17-09:22:44
Furnace flue temp,18.125,2023/01/17-09:22:49
Furnace flue temp,18.125,2023/01/17-09:22:54
Furnace flue temp,18.125,2023/01/17-09:22:59
Furnace flue temp,18.125,2023/01/17-09:23:04
Furnace flue temp,18.125,2023/01/17-09:23:09
Furnace flue temp,18.125,2023/01/17-09:23:14
Furnace flue temp,18.125,2023/01/17-09:23:19
Furnace flue temp,18.125,2023/01/17-09:23:24
Furnace flue temp,18.125,2023/01/17-09:23:29
Furnace flue temp,18.125,2023/01/17-09:23:34
Furnace flue temp,18.125,2023/01/17-09:23:39
Furnace flue temp,18.125,2023/01/17-09:23:44
Furnace flue temp,18.125,2023/01/17-09:23:49
Furnace flue temp,18.125,2023/01/17-09:23:54
Furnace flue temp,18.125,2023/01/17-09:23:59
Furnace flue temp,18.125,2023/01/17-09:24:04
Furnace flue temp,18.125,2023/01/17-09:24:09
Furnace flue temp,18.125,2023/01/17-09:24:14
Furnace flue temp,18.125,2023/01/17-09:24:19
Furnace flue temp,18.125,2023/01/17-09:24:25
Furnace flue temp,18.125,2023/01/17-09:24:30
Furnace flue temp,18.125,2023/01/17-09:24:35
Furnace flue temp,18.125,2023/01/17-09:24:40
Furnace flue temp,18.125,2023/01/17-09:24:45
Furnace flue temp,18.125,2023/01/17-09:24:50
Furnace flue temp,18.125,2023/01/17-09:24:55
Furnace flue temp,18.125,2023/01/17-09:25:00
Furnace flue temp,18.125,2023/01/17-09:25:05
Furnace flue temp,18.125,2023/01/17-09:25:10
Furnace flue temp,18.125,2023/01/17-09:25:15
Furnace flue temp,18.125,2023/01/17-09:25:20
Furnace flue temp,18.125,2023/01/17-09:25:25
Furnace flue temp,18.125,2023/01/17-09:25:30
Furnace flue temp,18.125,2023/01/17-09:25:35
Furnace flue temp,18.125,2023/01/17-09:25:40
Furnace flue temp,18.125,2023/01/17-09:25:45
Furnace flue temp,18.125,2023/01/17-09:25:50
Furnace flue temp,18.125,2023/01/17-09:25:55
Furnace flue temp,18.125,2023/01/17-09:26:00
Furnace flue temp,18.125,2023/01/17-09:26:05
Furnace flue temp,18.125,2023/01/17-09:26:10
Furnace flue temp,18.125,2023/01/17-09:26:15
Furnace flue temp,18.125,2023/01/17-09:26:20
Furnace flue temp,18.125,2023/01/17-09:26:25
Furnace flue temp,18.125,2023/01/17-09:26:30
Furnace flue temp,18.125,2023/01/17-09:26:35
Furnace flue temp,18.125,2023/01/17-09:26:40
Furnace flue temp,18.125,2023/01/17-09:26:45
Furnace flue temp,18.125,2023/01/17-09:26:50
Furnace flue temp,18.125,2023/01/17-09:26:55
Furnace flue temp,18.125,2023/01/17-09:27:00
Furnace flue temp,18.125,2023/01/17-09:27:05
Furnace flue temp,18.125,2023/01/17-09:27:10
Furnace flue temp,18.125,2023/01/17-09:27:15
Furnace flue temp,18.125,2023/01/17-09:27:21
Furnace flue temp,18.125,2023/01/17-09:27:26
Furnace flue temp,18.125,2023/01/17-09:27:31
Furnace flue temp,18.125,2023/01/17-09:27:36
Furnace flue temp,18.125,2023/01/17-09:27:41
Furnace flue temp,18.0625,2023/01/17-09:27:46
Furnace flue temp,18.125,2023/01/17-09:27:51
Furnace flue temp,18.125,2023/01/17-09:27:56
Furnace flue temp,18.125,2023/01/17-09:28:01
Furnace flue temp,18.125,2023/01/17-09:28:06
Furnace flue temp,18.0625,2023/01/17-09:28:11
Furnace flue temp,18.0625,2023/01/17-09:28:16
Furnace flue temp,18.125,2023/01/17-09:28:21
Furnace flue temp,18.0625,2023/01/17-09:28:26
Furnace flue temp,18.125,2023/01/17-09:28:31
Furnace flue temp,18.0625,2023/01/17-09:28:36
Furnace flue temp,18.0625,2023/01/17-09:28:41
Furnace flue temp,18.0625,2023/01/17-09:28:46
Furnace flue temp,18.0625,2023/01/17-09:28:51
Furnace flue temp,18.0625,2023/01/17-09:28:56
Furnace flue temp,18.0625,2023/01/17-09:29:01
Furnace flue temp,18.0625,2023/01/17-09:29:06
Furnace flue temp,18.0625,2023/01/17-09:29:11
Furnace flue temp,18.0625,2023/01/17-09:29:16
Furnace flue temp,18.0625,2023/01/17-09:29:21
Furnace flue temp,18.0625,2023/01/17-09:29:26
Furnace flue temp,18.0625,2023/01/17-09:29:31
Furnace flue temp,18.0625,2023/01/17-09:29:36
Furnace flue temp,18.0625,2023/01/17-09:29:41
Furnace flue temp,18.0625,2023/01/17-09:29:46
Furnace flue temp,18.0625,2023/01/17-09:29:51
Furnace flue temp,18.0625,2023/01/17-09:29:56
Furnace flue temp,18.0625,2023/01/17-09:30:01
Furnace flue temp,18.0625,2023/01/17-09:30:07
Furnace flue temp,18.0625,2023/01/17-09:30:12
Furnace flue temp,18.0625,2023/01/17-09:30:17
Furnace flue temp,18.0625,2023/01/17-09:30:22
Furnace flue temp,18.0625,2023/01/17-09:30:27
Furnace flue temp,18.0625,2023/01/17-09:30:32
Furnace flue temp,18.0625,2023/01/17-09:30:37
Furnace flue temp,18.0625,2023/01/17-09:30:42
Furnace flue temp,18.0625,2023/01/17-09:30:47
Furnace flue temp,18.0625,2023/01/17-09:30:52
Furnace flue temp,18.0625,2023/01/17-09:30:57
Furnace flue temp,18.0625,2023/01/17-09:31:02
Furnace flue temp,18.0625,2023/01/17-09:31:07
Furnace flue temp,18.0625,2023/01/17-09:31:12
Furnace flue temp,18.0625,2023/01/17-09:31:17
Furnace flue temp,18.0625,2023/01/17-09:31:22
Furnace flue temp,18.0625,2023/01/17-09:31:27
Furnace flue temp,18.0625,2023/01/17-09:31:32
Furnace flue temp,18.0625,2023/01/17-09:31:37
Furnace flue temp,18.0625,2023/01/17-09:31:42
Furnace flue temp,18.0625,2023/01/17-09:31:47
Furnace flue temp,18.0625,2023/01/17-09:31:52
Furnace flue temp,18.0,2023/01/17-09:31:57
Furnace flue temp,18.0,2023/01/17-09:32:02
Furnace flue temp,18.0,2023/01/17-09:32:07
Furnace flue temp,18.0,2023/01/17-09:32:12
Furnace flue temp,18.0,2023/01/17-09:32:17
Furnace flue temp,18.0,2023/01/17-09:32:22
Furnace flue temp,18.0,2023/01/17-09:32:27
Furnace flue temp,18.0,2023/01/17-09:32:32
Furnace flue temp,18.0,2023/01/17-09:32:37
Furnace flue temp,18.0,2023/01/17-09:32:42
Furnace flue temp,18.0,2023/01/17-09:32:47
Furnace flue temp,18.0,2023/01/17-09:32:53
Furnace flue temp,18.0,2023/01/17-09:32:58
Furnace flue temp,18.0,2023/01/17-09:33:03
Furnace flue temp,18.0,2023/01/17-09:33:08
Furnace flue temp,18.0,2023/01/17-09:33:13
Furnace flue temp,18.0,2023/01/17-09:33:18
Furnace flue temp,18.0,2023/01/17-09:33:23
Furnace flue temp,18.0,2023/01/17-09:33:28
Furnace flue temp,18.0,2023/01/17-09:33:33
Furnace flue temp,18.0,2023/01/17-09:33:38
Furnace flue temp,18.0,2023/01/17-09:33:43
Furnace flue temp,18.0,2023/01/17-09:33:48
Furnace flue temp,18.0,2023/01/17-09:33:53
Furnace flue temp,18.0,2023/01/17-09:33:58
Furnace flue temp,18.0,2023/01/17-09:34:03
Furnace flue temp,18.0,2023/01/17-09:34:08
Furnace flue temp,18.0,2023/01/17-09:34:13
Furnace flue temp,18.0,2023/01/17-09:34:18
Furnace flue temp,18.0,2023/01/17-09:34:23
Furnace flue temp,18.0,2023/01/17-09:34:28
Furnace flue temp,18.0,2023/01/17-09:34:33
Furnace flue temp,18.0,2023/01/17-09:34:38
Furnace flue temp,18.0,2023/01/17-09:34:43
Furnace flue temp,18.0,2023/01/17-09:34:48
Furnace flue temp,18.0,2023/01/17-09:34:53
Furnace flue temp,18.0,2023/01/17-09:34:58
Furnace flue temp,17.9375,2023/01/17-09:35:03
Furnace flue temp,17.9375,2023/01/17-09:35:08
Furnace flue temp,17.9375,2023/01/17-09:35:13
Furnace flue temp,17.9375,2023/01/17-09:35:19
Furnace flue temp,17.9375,2023/01/17-09:35:24
Furnace flue temp,17.9375,2023/01/17-09:35:29
Furnace flue temp,17.9375,2023/01/17-09:35:34
Furnace flue temp,17.9375,2023/01/17-09:35:39
Furnace flue temp,17.9375,2023/01/17-09:35:44
Furnace flue temp,17.9375,2023/01/17-09:35:49
Furnace flue temp,17.9375,2023/01/17-09:35:54
Furnace flue temp,17.9375,2023/01/17-09:35:59
Furnace flue temp,17.9375,2023/01/17-09:36:04
Furnace flue temp,17.9375,2023/01/17-09:36:09
Furnace flue temp,17.9375,2023/01/17-09:36:14
Furnace flue temp,17.9375,2023/01/17-09:36:19
Furnace flue temp,17.9375,2023/01/17-09:36:24
Furnace flue temp,17.9375,2023/01/17-09:36:29
Furnace flue temp,17.9375,2023/01/17-09:36:34
Furnace flue temp,17.9375,2023/01/17-09:36:39
Furnace flue temp,17.9375,2023/01/17-09:36:44
Furnace flue temp,17.9375,2023/01/17-09:36:49
Furnace flue temp,17.9375,2023/01/17-09:36:54
Furnace flue temp,18.0,2023/01/17-09:36:59
Furnace flue temp,18.0,2023/01/17-09:37:04
Furnace flue temp,17.9375,2023/01/17-09:37:09
Furnace flue temp,18.0,2023/01/17-09:37:14
Furnace flue temp,18.0,2023/01/17-09:37:19
Furnace flue temp,18.0,2023/01/17-09:37:24
Furnace flue temp,18.0,2023/01/17-09:37:29
Furnace flue temp,18.0,2023/01/17-09:37:34
Furnace flue temp,18.0,2023/01/17-09:37:39
Furnace flue temp,18.0,2023/01/17-09:37:44
Furnace flue temp,18.0,2023/01/17-09:37:49
Furnace flue temp,18.0,2023/01/17-09:37:55
Furnace flue temp,18.0,2023/01/17-09:38:00
Furnace flue temp,18.0,2023/01/17-09:38:05
Furnace flue temp,18.0,2023/01/17-09:38:10
Furnace flue temp,18.0,2023/01/17-09:38:15
Furnace flue temp,18.0,2023/01/17-09:38:20
Furnace flue temp,18.0,2023/01/17-09:38:25
Furnace flue temp,18.0,2023/01/17-09:38:30
Furnace flue temp,18.0,2023/01/17-09:38:35
Furnace flue temp,18.0,2023/01/17-09:38:40
Furnace flue temp,18.0,2023/01/17-09:38:45
Furnace flue temp,18.0625,2023/01/17-09:38:50
Furnace flue temp,18.0,2023/01/17-09:38:55
Furnace flue temp,18.0,2023/01/17-09:39:00
Furnace flue temp,18.0625,2023/01/17-09:39:05
Furnace flue temp,18.0625,2023/01/17-09:39:10
Furnace flue temp,18.0625,2023/01/17-09:39:15
Furnace flue temp,18.0625,2023/01/17-09:39:20
Furnace flue temp,18.0625,2023/01/17-09:39:25
Furnace flue temp,18.0625,2023/01/17-09:39:30
Furnace flue temp,18.0625,2023/01/17-09:39:35
Furnace flue temp,18.0625,2023/01/17-09:39:40
Furnace flue temp,18.0625,2023/01/17-09:39:45
Furnace flue temp,18.125,2023/01/17-09:39:50
Furnace flue temp,18.125,2023/01/17-09:39:55
Furnace flue temp,18.125,2023/01/17-09:40:00
Furnace flue temp,18.125,2023/01/17-09:40:05
Furnace flue temp,18.125,2023/01/17-09:40:10
Furnace flue temp,18.125,2023/01/17-09:40:15
HVAC output air,19.0,2023/01/17-09:20:39
HVAC output air,19.0,2023/01/17-09:20:44
HVAC output air,19.0,2023/01/17-09:20:49
HVAC output air,19.0,2023/01/17-09:20:54
HVAC output air,19.0,2023/01/17-09:20:59
HVAC output air,19.0,2023/01/17-09:21:04
HVAC output air,19.0,2023/01/17-09:21:09
HVAC output air,19.0,2023/01/17-09:21:14
HVAC output air,19.0,2023/01/17-09:21:19
HVAC output air,18.9375,2023/01/17-09:21:24
HVAC output air,18.9375,2023/01/17-09:21:29
HVAC output air,18.9375,2023/01/17-09:21:34
HVAC output air,18.9375,2023/01/17-09:21:39
HVAC output air,18.9375,2023/01/17-09:21:44
HVAC output air,18.9375,2023/01/17-09:21:49
HVAC output air,18.9375,2023/01/17-09:21:54
HVAC output air,18.9375,2023/01/17-09:21:59
HVAC output air,18.9375,2023/01/17-09:22:04
HVAC output air,18.9375,2023/01/17-09:22:09
HVAC output air,18.875,2023/01/17-09:22:14
HVAC output air,18.9375,2023/01/17-09:22:19
HVAC output air,18.875,2023/01/17-09:22:24
HVAC output air,18.875,2023/01/17-09:22:29
HVAC output air,18.875,2023/01/17-09:22:35
HVAC output air,18.875,2023/01/17-09:22:40
HVAC output air,18.875,2023/01/17-09:22:45
HVAC output air,18.875,2023/01/17-09:22:50
HVAC output air,18.875,2023/01/17-09:22:55
HVAC output air,18.875,2023/01/17-09:23:00
HVAC output air,18.875,2023/01/17-09:23:05
HVAC output air,18.8125,2023/01/17-09:23:10
HVAC output air,18.875,2023/01/17-09:23:15
HVAC output air,18.8125,2023/01/17-09:23:20
HVAC output air,18.8125,2023/01/17-09:23:25
HVAC output air,18.8125,2023/01/17-09:23:30
HVAC output air,18.8125,2023/01/17-09:23:35
HVAC output air,18.8125,2023/01/17-09:23:40
HVAC output air,18.8125,2023/01/17-09:23:45
HVAC output air,18.8125,2023/01/17-09:23:50
HVAC output air,18.8125,2023/01/17-09:23:55
HVAC output air,18.75,2023/01/17-09:24:00
HVAC output air,18.8125,2023/01/17-09:24:05
HVAC output air,18.75,2023/01/17-09:24:10
HVAC output air,18.75,2023/01/17-09:24:15
HVAC output air,18.75,2023/01/17-09:24:20
HVAC output air,18.75,2023/01/17-09:24:25
HVAC output air,18.75,2023/01/17-09:24:30
HVAC output air,18.75,2023/01/17-09:24:35
HVAC output air,18.75,2023/01/17-09:24:40
HVAC output air,18.75,2023/01/17-09:24:45
HVAC output air,18.75,2023/01/17-09:24:51
HVAC output air,18.75,2023/01/17-09:24:56
HVAC output air,18.6875,2023/01/17-09:25:01
HVAC output air,18.6875,2023/01/17-09:25:06
HVAC output air,18.75,2023/01/17-09:25:11
HVAC output air,18.6875,2023/01/17-09:25:16
HVAC output air,18.6875,2023/01/17-09:25:21
HVAC output air,18.6875,2023/01/17-09:25:26
HVAC output air,18.6875,2023/01/17-09:25:31
HVAC output air,18.6875,2023/01/17-09:25:36
HVAC output air,18.6875,2023/01/17-09:25:41
HVAC output air,18.6875,2023/01/17-09:25:46
HVAC output air,18.6875,2023/01/17-09:25:51
HVAC output air,18.6875,2023/01/17-09:25:56
HVAC output air,18.6875,2023/01/17-09:26:01
HVAC output air,18.6875,2023/01/17-09:26:06
HVAC output air,18.625,2023/01/17-09:26:11
HVAC output air,18.625,2023/01/17-09:26:16
HVAC output air,18.625,2023/01/17-09:26:21
HVAC output air,18.625,2023/01/17-09:26:26
HVAC output air,18.625,2023/01/17-09:26:31
HVAC output air,18.625,2023/01/17-09:26:36
HVAC output air,18.625,2023/01/17-09:26:41
HVAC output air,18.625,2023/01/17-09:26:46
HVAC output air,18.625,2023/01/17-09:26:51
HVAC output air,18.5625,2023/01/17-09:26:56
HVAC output air,18.625,2023/01/17-09:27:01
HVAC output air,18.5625,2023/01/17-09:27:06
HVAC output air,18.5625,2023/01/17-09:27:11
HVAC output air,18.5625,2023/01/17-09:27:16
HVAC output air,18.5625,2023/01/17-09:27:21
HVAC output air,18.5625,2023/01/17-09:27:26
HVAC output air,18.5625,2023/01/17-09:27:31
HVAC output air,18.5625,2023/01/17-09:27:36
HVAC output air,18.5625,2023/01/17-09:27:41
HVAC output air,18.5625,2023/01/17-09:27:46
HVAC output air,18.5625,2023/01/17-09:27:51
HVAC output air,18.5,2023/01/17-09:27:57
HVAC output air,18.5625,2023/01/17-09:28:02
HVAC output air,18.5,2023/01/17-09:28:07
HVAC output air,18.5625,2023/01/17-09:28:12
HVAC output air,18.5,2023/01/17-09:28:17
HVAC output air,18.5,2023/01/17-09:28:22
HVAC output air,18.5,2023/01/17-09:28:27
HVAC output air,18.5,2023/01/17-09:28:32
HVAC output air,18.5,2023/01/17-09:28:37
HVAC output air,18.5,2023/01/17-09:28:42
HVAC output air,18.5,2023/01/17-09:28:47
HVAC output air,18.5,2023/01/17-09:28:52
HVAC output air,18.5,2023/01/17-09:28:57
HVAC output air,18.5,2023/01/17-09:29:02
HVAC output air,18.4375,2023/01/17-09:29:07
HVAC output air,18.4375,2023/01/17-09:29:12
HVAC output air,18.4375,2023/01/17-09:29:17
HVAC output air,18.4375,2023/01/17-09:29:22
HVAC output air,18.4375,2023/01/17-09:29:27
HVAC output air,18.4375,2023/01/17-09:29:32
HVAC output air,18.4375,2023/01/17-09:29:37
HVAC output air,18.4375,2023/01/17-09:29:42
HVAC output air,18.4375,2023/01/17-09:29:47
HVAC output air,18.4375,2023/01/17-09:29:52
HVAC output air,18.4375,2023/01/17-09:29:57
HVAC output air,18.4375,2023/01/17-09:30:02
HVAC output air,18.4375,2023/01/17-09:30:07
HVAC output air,18.4375,2023/01/17-09:30:12
HVAC output air,18.375,2023/01/17-09:30:17
HVAC output air,18.375,2023/01/17-09:30:22
HVAC output air,18.375,2023/01/17-09:30:27
HVAC output air,18.375,2023/01/17-09:30:32
HVAC output air,18.375,2023/01/17-09:30:37
HVAC output air,18.375,2023/01/17-09:30:42
HVAC output air,18.375,2023/01/17-09:30:47
HVAC output air,18.375,2023/01/17-09:30:53
HVAC output air,18.375,2023/01/17-09:30:58
HVAC output air,18.375,2023/01/17-09:31:03
HVAC output air,18.375,2023/01/17-09:31:08
HVAC output air,18.375,2023/01/17-09:31:13
HVAC output air,18.375,2023/01/17-09:31:18
HVAC output air,18.3125,2023/01/17-09:31:23
HVAC output air,18.3125,2023/01/17-09:31:28
HVAC output air,18.3125,2023/01/17-09:31:33
HVAC output air,18.3125,2023/01/17-09:31:38
HVAC output air,18.3125,2023/01/17-09:31:43
HVAC output air,18.3125,2023/01/17-09:31:48
HVAC output air,18.3125,2023/01/17-09:31:53
HVAC output air,18.3125,2023/01/17-09:31:58
HVAC output air,18.3125,2023/01/17-09:32:03
HVAC output air,18.3125,2023/01/17-09:32:08
HVAC output air,18.3125,2023/01/17-09:32:13
HVAC output air,18.25,2023/01/17-09:32:18
HVAC output air,18.25,2023/01/17-09:32:23
HVAC output air,18.25,2023/01/17-09:32:28
HVAC output air,18.25,2023/01/17-09:32:33
HVAC output air,18.25,2023/01/17-09:32:38
HVAC output air,18.25,2023/01/17-09:32:43
HVAC output air,18.25,2023/01/17-09:32:48
HVAC output air,18.25,2023/01/17-09:32:53
HVAC output air,18.25,2023/01/17-09:32:58
HVAC output air,18.25,2023/01/17-09:33:03
HVAC output air,18.25,2023/01/17-09:33:08
HVAC output air,18.25,2023/01/17-09:33:13
HVAC output air,18.25,2023/01/17-09:33:19
HVAC output air,18.25,2023/01/17-09:33:24
HVAC output air,18.25,2023/01/17-09:33:29
HVAC output air,18.25,2023/01/17-09:33:34
HVAC output air,18.1875,2023/01/17-09:33:39
HVAC output air,18.1875,2023/01/17-09:33:44
HVAC output air,18.1875,2023/01/17-09:33:49
HVAC output air,18.1875,2023/01/17-09:33:54
HVAC output air,18.1875,2023/01/17-09:33:59
HVAC output air,18.1875,2023/01/17-09:34:04
HVAC output air,18.1875,2023/01/17-09:34:09
HVAC output air,18.1875,2023/01/17-09:34:14
HVAC output air,18.1875,2023/01/17-09:34:19
HVAC output air,18.1875,2023/01/17-09:34:24
HVAC output air,18.125,2023/01/17-09:34:29
HVAC output air,18.125,2023/01/17-09:34:34
HVAC output air,18.125,2023/01/17-09:34:39
HVAC output air,18.1875,2023/01/17-09:34:44
HVAC output air,18.125,2023/01/17-09:34:49
HVAC output air,18.125,2023/01/17-09:34:54
HVAC output air,18.125,2023/01/17-09:34:59
HVAC output air,18.125,2023/01/17-09:35:04
HVAC output air,18.5625,2023/01/17-09:35:09
HVAC output air,19.25,2023/01/17-09:35:14
HVAC output air,20.0625,2023/01/17-09:35:19
HVAC output air,20.9375,2023/01/17-09:35:24
HVAC output air,21.8125,2023/01/17-09:35:29
HVAC output air,22.6875,2023/01/17-09:35:34
HVAC output air,23.5625,2023/01/17-09:35:39
HVAC output air,24.375,2023/01/17-09:35:45
HVAC output air,25.125,2023/01/17-09:35:50
HVAC output air,25.8125,2023/01/17-09:35:55
HVAC output air,26.375,2023/01/17-09:36:00
HVAC output air,27.0,2023/01/17-09:36:05
HVAC output air,27.5,2023/01/17-09:36:10
HVAC output air,27.875,2023/01/17-09:36:15
HVAC output air,28.3125,2023/01/17-09:36:20
HVAC output air,28.625,2023/01/17-09:36:25
HVAC output air,28.875,2023/01/17-09:36:30
HVAC output air,29.0625,2023/01/17-09:36:35
HVAC output air,29.25,2023/01/17-09:36:40
HVAC output air,29.4375,2023/01/17-09:36:45
HVAC output air,29.5625,2023/01/17-09:36:50
HVAC output air,29.625,2023/01/17-09:36:55
HVAC output air,29.75,2023/01/17-09:37:00
HVAC output air,29.875,2023/01/17-09:37:05
HVAC output air,29.9375,2023/01/17-09:37:10
HVAC output air,30.0,2023/01/17-09:37:15
HVAC output air,30.0625,2023/01/17-09:37:20
HVAC output air,30.125,2023/01/17-09:37:25
HVAC output air,30.1875,2023/01/17-09:37:30
HVAC output air,30.3125,2023/01/17-09:37:35
HVAC output air,30.375,2023/01/17-09:37:40
HVAC output air,30.4375,2023/01/17-09:37:45
HVAC output air,30.5625,2023/01/17-09:37:50
HVAC output air,30.625,2023/01/17-09:37:55
HVAC output air,30.75,2023/01/17-09:38:00
HVAC output air,30.8125,2023/01/17-09:38:05
HVAC output air,30.9375,2023/01/17-09:38:10
HVAC output air,31.0,2023/01/17-09:38:16
HVAC output air,31.0625,2023/01/17-09:38:21
HVAC output air,31.125,2023/01/17-09:38:26
HVAC output air,31.1875,2023/01/17-09:38:31
HVAC output air,31.25,2023/01/17-09:38:36
HVAC output air,31.3125,2023/01/17-09:38:41
HVAC output air,31.375,2023/01/17-09:38:46
HVAC output air,31.4375,2023/01/17-09:38:51
HVAC output air,31.5,2023/01/17-09:38:56
HVAC output air,31.5,2023/01/17-09:39:01
HVAC output air,31.5625,2023/01/17-09:39:06
HVAC output air,31.625,2023/01/17-09:39:11
HVAC output air,31.625,2023/01/17-09:39:16
HVAC output air,31.6875,2023/01/17-09:39:21
HVAC output air,31.6875,2023/01/17-09:39:26
HVAC output air,31.6875,2023/01/17-09:39:31
HVAC output air,31.5625,2023/01/17-09:39:36
HVAC output air,31.125,2023/01/17-09:39:41
HVAC output air,30.4375,2023/01/17-09:39:46
HVAC output air,29.6875,2023/01/17-09:39:51
HVAC output air,28.8125,2023/01/17-09:39:56
HVAC output air,27.9375,2023/01/17-09:40:01
HVAC output air,27.1875,2023/01/17-09:40:06
HVAC output air,26.375,2023/01/17-09:40:11
HVAC output air,25.625,2023/01/17-09:40:16
